ID,Event,Event Type,Start Date,End Date,Schedule,Neighborhood,Address,Notes,Tickets Link
1,"AI + Web3 $44,000 Pitch Competition & VC Networking by Ga^3in Ventures х Boosty Labs",Networking,12/5/2025,12/5/2025,10AM - 12PM,,,,https://luma.com/pbs3n297
2,24th Iconic Sagamore Brunch,Party,12/6/2025,12/6/2025,9AM - 1PM,Miami Beach,Sagamore Hotel South Beach,,https://www.eventbrite.com/e/the-24th-iconic-sagamore-brunch-tickets-1948661873119?aff=oddtdtcreator
3,33+ Hour Space Basel Closing Party,Party,12/7/2025,12/9/2025,,Downtown,"34 NE 11th St, Miami, FL 33132",,https://dice.fm/event/xenqkk-33-hour-space-basel-closing-party-7th-dec-club-space-miami-miami-tickets?pid=99db2a70&_branch_match_id=1263983458127435889&utm_medium=partners_api&_branch_referrer=H4sIAAAAAAAAA8soKSkottLXz8nMy9ZLyUxO1UvL1c8yMkizTDIzMDa2TLQvyEyxtbRMSTJKNDdQqytKTUstKsrMS49PKsovL04tsnXOKMrPTQUA5gTTp0gAAAA%3D
4,AfriKin Art Fair,Art Show,12/1/2025,12/7/2025,11AM - 9PM,North Miami,"Maison AfriKin, Scott Galvin Community Center, 1600 NE 126th Street, North Miami, FL 33181",,https://afrikin.art/
5,Alo Wellness Sessions,Wellness,12/4/2025,12/7/2025,10AM - 11AM,Miami Beach,"SCOPE Art Show - 801 Ocean Dr, Miami Beach, FL 33139",Invite Only,https://scope-art.com/program
6,Aqua Art Miami,Art Show,12/3/2025,12/7/2025,11AM - 9PM,Miami Beach,"Aqua Art Miami at the Aqua Hotel, 1530 Collins Avenue, Miami Beach, FL 33139",,https://www.aquaartmiami.com/
7,Aqua Art Miami: VIP Opening,Art Show,12/3/2025,12/3/2025,3PM - 10PM,Miami Beach,"Aqua Art Miami at the Aqua Hotel, 1530 Collins Avenue, Miami Beach, FL 33139",,https://www.aquaartmiami.com
8,Arlo Wynwood: AFTER DARK,Art Show,12/6/2025,12/6/2025,5PM - 11:30PM,Wynwood,"2217 Northwest Miami Court, Miami, FL 33127",,https://www.eventbrite.com/e/art-access-miami-art-week-2025-arlo-wynwood-arlo-after-dark-tickets-1965805714811?aff=odcleoeventsincollection
9,Arlo Wynwood: Afternoon Art Exhibition,Art Show,12/6/2025,12/6/2025,1PM - 6PM,Wynwood,"2217 Northwest Miami Court, Miami, FL 33127",,https://www.eventbrite.com/e/art-access-miami-art-week-2025-arlo-wynwood-afternoon-art-exhibition-tickets-1971508090771?aff=odcleoeventsincollection
10,Arlo Wynwood: COFFEE + BEATS,Party,12/6/2025,12/6/2025,9AM - 12PM,Wynwood,"2217 Northwest Miami Court, Miami, FL 33127",,https://www.eventbrite.com/e/art-access-miami-art-week-2025-arlo-wynwood-coffee-beats-tickets-1965765956894?aff=odcleoeventsincollection
11,Arlo Wynwood: Morning Art Run Club,Wellness,12/6/2025,12/6/2025,8AM - 9AM,Wynwood,"2217 Northwest Miami Court, Miami, FL 33127",,https://www.eventbrite.com/e/art-access-miami-art-week-2025-arlo-wynwood-mad-pop-morning-art-run-club-tickets-1965730563030?aff=odcleoeventsincollection
12,Arlo Wynwood: Yoga & Wellness Circuit,Wellness,12/6/2025,12/6/2025,8AM - 12PM,Wynwood,"2217 Northwest Miami Court, Miami, FL 33127",,https://www.eventbrite.com/e/art-access-miami-art-week-2025-arlo-reset-social-yoga-wellness-circuit-tickets-1965783551520?aff=odcleoeventsincollection
13,Arodes & Guests ,Party,12/5/2025,12/5/2025,8PM - 4AM,Wynwood,"150 NW 21st St, Miami, FL 33127",,https://posh.vip/e/long-feng-special-guest-with-arodes-peace-control-dwitches-and-hank
14,Art & Fintech Forum,Conference,12/5/2025,12/5/2025,12PM - 5PM,Miami Beach,"Sagamore Hotel South Beach - An All Suite Hotel, The Sagamore, 1671 Collins Ave, Miami Beach, FL 33139, USA",,https://luma.com/1qnl4i3f
15,Art Basel Miami Beach,Conference,12/5/2025,12/7/2025,11AM - 6PM,Miami Beach,"Miami Beach Convention Center - 1901 Convention Center Drive, FL 33139",,https://www.artbasel.com/miami-beach/buy-tickets
16,Art Basel Miami Beach: Private Days,Conference,12/3/2025,12/3/2025,11AM - 7PM,Miami Beach,"Miami Beach Convention Center - 1901 Convention Center Drive, FL 33139",Invite Only,https://www.artbasel.com/miami-beach/buy-tickets
17,Art Basel Miami Beach: Private Days,Conference,12/4/2025,12/4/2025,11AM - 7PM,Miami Beach,"Miami Beach Convention Center - 1901 Convention Center Drive, FL 33139",Invite Only,https://www.artbasel.com/miami-beach/buy-tickets
18,Art Basil,Party,12/4/2025,12/4/2025,5PM - 8PM,Wynwood,FunDimension Game Center,,https://luma.com/qgf8n8as
19,Art Exhibition In The Riveria at Cadillac Hotel & Beach Club ,Art Show ,12/1/2025,12/7/2025,9AM - 10PM,Miami Beach,"Cadillac Hotel & Beach Club, 3925 Collins Ave, Miami Beach, FL, 33140. Cadillac Hotel Website",No RSVP Required,https://wasitalladreaminc.com/upcoming-events/f/2025-miami-art-week-must-attend-events
20,Art Loves Fashion: Sunset Closing Party,Party,12/7/2025,12/7/2025,4PM - 8PM,Miami Beach,"Pamplemousse on the Bay, 910 West Ave, Miami Beach, FL 33139",,https://z.inlist.com/6SzGdOE8mYb
21,Art Miami ,Conference,12/2/2025,12/7/2025,11AM - 7PM,Downtown ,"The Art Miami Pavilion, One Herald Plaza, NE 14th Street & Biscayne Bay, Miami, FL 33132",,https://www.artmiami.com/tickets 
22,Art Padel Miami ,Party,12/3/2025,12/3/2025,8AM - 11AM,,,,https://luma.com/q9lo83k4
23,Art Week at Tala Beach,Party,12/6/2025,12/6/2025,3PM - 11PM,Miami Beach,"2341 Collins Avenue, Miami Beach, FL 33139",,https://www.sevenrooms.com/events/ahNzfnNldmVucm9vbXMtc2VjdXJlchwLEg9uaWdodGxvb3BfVmVudWUYgIDYwvK8igsM?event_id=ahNzfnNldmVucm9vbXMtc2VjdXJlcjkLEg9uaWdodGxvb3BfVmVudWUYgIDYwvK8igsMCxIQc3JfR2VuVmVudWVFdmVudBiAgM3H2dyaCgw
24,Art With Me,Party,12/5/2025,12/6/2025,2PM - 3AM,Wynwood,"Green Space at Mana Wynwood - 318 NW 23rd St, Miami, FL 33127 ",,https://artwithmemiami.com/?fbclid=PAZXh0bgNhZW0CMTEAAae8sWXXgakjbPUW9rJx1iciifEp97UAygPY25FM-RVHse-j-_IOVzGUdfDEYg_aem_KDCjqm7ryStceOVsJil1Tg
25,Arte NXT Pop-Up Show,Pop Up,12/2/2025,12/4/2025,5PM - 9PM,Wynwood,"The Miami Art Week Gallery, 2300 N. Miami Avenue, Miami FL 33127",,https://www.miamiartweek.org/tickets
26,Arte NXT Pop-Up Show,Pop Up,12/6/2025,12/7/2025,10PM - 8PM,Wynwood,"The Miami Art Week Gallery, 2300 N. Miami Avenue, Miami FL 33127",,https://www.miamiartweek.org/tickets
27,Bagattelle Miami River,Party,,,,Downtown ,,,
28,Basel City,Art Show,12/6/2025,12/6/2025,6PM - 12AM,Miami Beach,Sagamore Hotel South Beach,,https://posh.vip/e/basel-city
29,BitBasel,Conference,12/3/2025,12/7/2025,,Miami Beach,"The Sagamore Hotel - 1671 Collins Ave, Miami Beach, FL 33139",,https://www.bitbasel.miami/artweek#highlights
30,BitBasel: VIP Opening Ceremony,Party,12/3/2025,12/3/2025,6PM - 12AM,Miami Beach,Sagamore Hotel South Beach,,https://www.bitbasel.miami/artweek#highlights
31,BitBasel: Basel City,Party,12/6/2025,12/6/2025,6PM - 12AM,Miami Beach,"The Sagamore, 1671 Collins Ave, Miami Beach, FL 33139",,https://posh.vip/e/basel-city
32,"Black Book Records: Chris Lake, Chris Lorenzo, Manda Moor b2b Sirus Hood, Marco Strous, Bakke, Thunderpony",Party,12/2/2025,12/3/2025,11PM,,,,https://dice.fm/event/oew86m-black-book-records-space-basel-2025-2nd-dec-club-space-miami-miami-tickets?pid=d6342b83
33,BLACK COFFEE,Party,12/5/2025,12/5/2025,5PM,Downtown,73 West Flagler Street,,https://dice.fm/event/53xlok-black-coffee-open-air-at-the-downtown-courthouse-6th-dec-73-west-flagler-street-miami-tickets?lng=en-US
34,Blondish,Party,12/4/2025,12/4/2025,8PM - 4AM,Wynwood,"150 NW 21st St, Miami, FL 33127",,https://posh.vip/e/long-feng-blondish
35,Boho House,Party,,,,Downtown,,,
36,Brave New World Art Exhibit and Fashion Show,Art Show,12/7/2025,12/7/2025,5PM - 11PM,Miami Beach,Ritz Carlton South Beach,,https://posh.vip/e/the-brave-new-earth-ritzcarlton-south-beachofficial-art-basel-2025
37,Brave New World Art Exhibit and Fashion Show,Art Show,12/4/2025,12/4/2025,5PM - 11PM,Miami Beach,Ritz Carlton South Beach,,https://posh.vip/e/the-brave-new-earth-ritzcarlton-south-beachofficial-art-basel-2025
38,Broken Shaker: How a Sunset Sounds,Party,12/7/2025,12/7/2025,2PM - 8PM,Miami Beach,"2727 Indian Creek Dr #11, Miami Beach, FL 33140",,https://posh.vip/e/how-a-sunset-sounds-art-basel
39,CapitalOne Party,Party,,,,Miami Beach,1111 Lincoln Road,Invite Only,
40,Casa Neos,Party,12/5/2025,12/7/2025,,Downtown,"40 SW North River Dr, Miami, FL 33128",Only for Table Reservations or Members,https://www.casa-neos.com/miami-art-week-dj-line-up
41,Chase Sapphire Concerts ,Party,,,,Miami Beach,,Cardmembers Only,https://account.chase.com/sapphire/reserve/reservedbysapphire
42,Chase Sappire Experience Art Show,Art Show,,,,Miami Beach,,Cardmembers Only,https://account.chase.com/sapphire/reserve/reservedbysapphire
43,Chromasthesia,Party,12/3/2025,12/3/2025,5PM - 11PM,Miami Beach,"The Gates Hotel South Beach 2360 Collins Ave, Miami Beach, FL 33139, USA",,https://lu.ma/5wev0yu4
44,Circoloco,Party,12/6/2025,12/6/2025,9PM - 7AM,Hialeah,"4800 NW 37th Ave, Miami, FL 33142",,https://www.factorytown.com/event/circoloco-2025-12-06-miami-fl
45,Club M2,Party,12/3/2025,12/6/2025,10PM - 5AM,Miami Beach,"1235 Washington Ave, Miami Beach, FL 33139",,https://www.m2miami.com/events
46,Club Space,Party,12/2/2025,12/7/2025,11PM - 11AM,Downtown,"34 NE 11th St, Miami, FL 33132",,https://www.clubspace.com/events
47,Context Art Miami,Conference,12/3/2025,12/7/2025,11AM - 7PM,Downtown ,"The CONTEXT Art Miami Pavilion, One Herald Plaza, NE 14th Street & Biscayne Bay, Miami, FL 33132",,https://www.contextartmiami.com/
48,Context Art Miami: VIP Preview,Conference,12/2/2025,12/2/2025,11AM - 4PM,Downtown,"The CONTEXT Art Miami Pavilion, One Herald Plaza, NE 14th Street & Biscayne Bay, Miami, FL 33132",,https://www.contextartmiami.com/
49,CryptoMondays MIA & FLL Field Trip at the World Erotic Art Museum ,Art Show,12/1/2025,12/1/2025,7PM - 10PM,Miami Beach,1205 Washington Avenue,,https://www.eventbrite.com/e/weam-miami-art-week-opening-mark-kostabi-revisited-tickets-1936745119789?utm-campaign=social&utm-content=attendeeshare&utm-medium=discovery&utm-term=listing&utm-source=cp&aff=ebdsshcopyurl
50,DAER,Party,,,,Fort Lauderdale,,,
51,Dante's Hifi,Party,,,,Wynwood,,,
52,Design Miami,Conference,12/3/2025,12/7/2025,11AM - 7PM,Miami Beach,"Convention Center Drive & 19th Street, Miami Beach",,https://www.designmiami.com
53,Design Miami: Collectors Preview,Conference,12/2/2025,12/2/2025,1PM - 7PM,Miami Beach,"Convention Center Drive & 19th Street, Miami Beach",,https://www.designmiami.com
54,Design Miami: Members Preview,Conference,12/2/2025,12/2/2025,11AM - 1PM,Miami Beach,"Convention Center Drive & 19th Street, Miami Beach",,https://www.designmiami.com
55,Diplo,Party,12/5/2025,12/5/2025,,Downtown,"29 NE 11th St, Miami, 33132",,https://speakeasygo.com/E11EVEN/E11EVEN-MIAMI-ART-WEEK-FT-DIPLO?eid=EVE-SRV1G7
56,Disclosure DJ Set + Carlita,Party,12/6/2025,12/6/2025,,Miami Beach,"1819 79th Street Causeway North Bay Village, FL 33141",,https://posh.vip/e/basel-edition-disclosure-dj-set-carlita-presented-by-palm-tree-club-miami
57,"Distraction Party: Jay Weinberg, Deli Girls, Poncili, Period Bomb, Adhesive, Bleeth & More",Party ,12/5/2025,12/5/2025,8PM - 5AM,,,,https://shotgun.live/en/venues/churchills-pub
58,Do Not Sit On The Furniture,Party,12/3/2025,12/6/2025,10PM - 5AM,Miami Beach,"423 16th St, Miami Beach, Florida 33139",,https://donotsitonthefurniture.com/#wpcf7-f245-o2
59,Driven by Art: Live Car Sculpture by Hira Majeed,Art Show,12/2/2025,12/2/2025,12PM - 8PM,Miami Beach,"Cadillac Hotel & Beach Club, 3925 Collins Ave, Miami Beach, FL, 33140. Cadillac Hotel Website",,https://www.eventbrite.com/e/during-art-basel-miami-2025-top-events-and-exhibits-miami-art-week-tickets-1972283167045?aff=oddtdtcreator
60,E11even,Party,12/3/2025,12/7/2025,,Downtown,"29 NE 11th St, Miami, 33132",,https://www.11miami.com/events
61,Eden Gallery,Art Show,12/2/2025,12/7/2025,6PM,Miami Beach,"The Setai - 2001 Collins Ave, Miami Beach, FL 33139",,https://www.edenart.com/eden-art-week-miami?utm_source=instagram&utm_medium=social&utm_campaign=miami+events&fbclid=pazxh0bgnhzw0cmteac3j0ywzhchbfawqmmju2mjgxmdqwntu4aagnuwh5q6iw9pypkdv5fbl8t_y3xzvihn-qmkq2wm77aslmzl3jpq2crmuloxy_aem_p9jssptcfryo-sbhs1e-za
62,Factory Town,Party,12/3/2025,12/7/2025,9PM - 7AM,Hialeah,"4800 NW 37th Ave, Miami, FL 33142",,https://www.factorytown.com/events/
63,Faena Art,Art Show,12/2/2025,12/7/2025,10AM - 7PM,Miami Beach,"3201 Collins Ave, Miami Beach, FL 33140",,https://www.faenaart.org/programs/miami-art-week-2025
64,Faena Music Series,Party,12/5/2025,12/5/2025,3PM,Miami Beach,"3201 Collins Ave, Miami Beach, FL 33140",,https://www.eventbrite.com/e/faena-art-sunset-music-series-tickets-1970802142260?aff=oddtdtcreator
65,Ferrari Party,Party,,,,,,Invite Only,
66,Flower Party: Art Basel Edition,Party,12/6/2025,12/6/2025,8PM - 12AM,Brickell,"Novotel Rooftop (Brickell) 1500 SW 1st Ave, Miami, FL 33129",,https://posh.vip/e/flower-party-art-basel-vol-2
67,Francis Mercier,Party,12/3/2025,12/3/2025,11PM - 11AM,Downtown,"34 NE 11th St, Miami, FL 33132",,https://dice.fm/event/rybmdw-francis-mercier-presents-deep-root-tribe-space-basel-2025-3rd-dec-club-space-miami-miami-tickets?pid=99db2a70&_branch_match_id=1263983458127435889&utm_medium=partners_api&_branch_referrer=H4sIAAAAAAAAA8soKSkottLXz8nMy9ZLyUxO1UvL1fc1M7QwsUxJsrAwsLQvyEyxtQRyjBLNDdTqilLTUouKMvPS45OK8suLU4tsnTOK8nNTAUxT75RIAAAA
68,"Freakquencies: Lydia Lunch & Tim Dahl, Laundry Room Squelchers, The Dewars, Black Brigade, Augusto",Party,12/7/2025,12/7/2025,9PM - 5AM,,,,https://shotgun.live/en/events/freakquencies-with-lydia-lunch-tim-dahl
69,Frequency: Basel Edition,Party,12/3/2025,12/3/2025,9PM - 3AM,Wynwood,"Electric 23 (144 NW 23rd St, Miami, FL 33127)",,https://posh.vip/e/frequency-basel-edition
70,Gordo,Party,12/3/2025,12/3/2025,8PM - 4AM,Wynwood,"150 NW 21st St, Miami, FL 33127",,https://posh.vip/e/long-feng-gordo-x-mahmut
71,Green Velvet B2B Joseph Capriati,Party,12/3/2025,12/3/2025,8PM - 4AM,Wynwood,"150 NW 21st St, Miami, FL 33127",,https://posh.vip/e/phase-3-presents-green-velvet-b2b-joseph-capriati-4-hour-set
72,HarryPotterObamaSonic10inU,Party,12/4/2025,12/4/2025,6PM - 9PM,Miami Beach,"South Pointe Tavern, 40 South Pointe Dr #109, Miami Beach, FL 33139",,https://luma.com/xdo9cwks
73,Hive Wynwood,Party,12/4/2025,12/8/2025,4PM - 3AM,Wynwood,"The Wynwood Marketplace - 2250 NW 2nd Ave, Miami, FL 33127",,https://www.eventbrite.com/e/hive-2025-a-cocktail-art-and-culinary-village-in-wynwood-miami-art-week-tickets-1967707769909?aff=oddtdtcreator&fbclid=PAZXh0bgNhZW0CMTEAc3J0YwZhcHBfaWQMMjU2MjgxMDQwNTU4CGNhbGxzaXRlAjE1AAGnMIgJKKo5Zj6kV80uGcLDsuskqSKS3ZOyl4kudmzcY-3pkmv_R5NLH_s0P1Q_aem_YiCo_GiG06aSwXv37JeUFw
74,Hugel,Party,12/3/2025,12/3/2025,9PM - 7AM,Hialeah,"4800 NW 37th Ave, Miami, FL 33142",,https://dice.fm/event/oenkgm-factory-basel-2025-wednesday-pass-3rd-dec-factory-town-miami-tickets
75,Hugel,Party,12/3/2025,12/3/2025,5PM - 3AM,Little River,"300 Northeast 71st Street, Miami, Florida 33138",,https://dice.fm/event/2wxoa6-hugel-unkommon-art-week-4th-dec-little-river-studios-miami-tickets
76,IKEA Open House Miami: Private Event,Pop Up,12/4/2025,12/4/2025,3PM - 6PM,Miami Beach,1108 Lincoln Road,,https://partiful.com/e/zgposG39nUptfH57sXs3
77,IKEA Open House Miami: Public Event,Pop Up,12/6/2025,12/6/2025,2PM - 9PM,Miami Beach,1108 Lincoln Road,No RSVP Required,
78,Immersive Adventure: Basel Edition ,Art Show,12/4/2025,12/4/2025,8:30PM - 2:30AM,Miami Beach,"M2 Miami Beach 1235 Washington Ave, Miami Beach, FL 33139",,https://luma.com/ImmersiveNolcha
79,Ink Miami Art Fair,Conference,12/3/2025,12/3/2025,9AM - 7PM,Miami Beach,"Suites of Dorchester, 1850 Collins Ave., Miami Beach, FL 33139",,https://www.inkartfair.com/
80,Ink Miami Art Fair,Conference,12/4/2025,12/4/2025,10AM - 9PM,Miami Beach,"Suites of Dorchester, 1850 Collins Ave., Miami Beach, FL 33139",,https://www.inkartfair.com/
81,Ink Miami Art Fair,Conference,12/5/2025,12/6/2025,10AM - 7PM,Miami Beach,"Suites of Dorchester, 1850 Collins Ave., Miami Beach, FL 33139",,https://www.inkartfair.com/
82,Ink Miami Art Fair,Conference,12/7/2025,12/7/2025,10AM - 3PM,Miami Beach,"Suites of Dorchester, 1850 Collins Ave., Miami Beach, FL 33139",,https://www.inkartfair.com/
83,John Summit,Party,12/3/2025,12/5/2025,,Miami Beach,"1819 79th Street Causeway North Bay Village, FL 33141",,https://posh.vip/e/basel-edition-john-summit-presented-by-palm-tree-club-miami
84,Joia Beach,Party,12/6/2025,12/6/2025,5PM - 11PM,Miami Beach,"1111 Parrot Jungle Trail, Miami, Florida 33132",,https://dice.fm/partner/tickets/event/q28d79-solene-joia-beach-2nomads-terranova-more-6th-dec-joia-beach-miami-tickets?dice_id=7604957&dice_channel=web&dice_tags=organic&dice_campaign=DICE&dice_feature=mio_marketing&mc_cid=350fff871e&mc_eid=3271efb354&_branch_match_id=1263983458127435889&utm_source=web&utm_campaign=DICE&utm_medium=mio_marketing&_branch_referrer=H4sIAAAAAAAAA8soKSkottLXz8nMy9ZLyUxO1UvL1Y9IS7G0NDZPskxJTLRPzk9JtfX0C%2FZ0cQ1ydHZ2DQ5Wy02OT85MsTU2NUhLS7MwN0wFiaSCRIyAnLQkY1MTtbqi1LTUoqLMvPT4pKL88uLUIlvnjKL83FQABFT%2B2HIAAAA%3D
85,Little River Studios,Party,12/4/2025,12/6/2025,8PM - 3AM,Little River,"300 Northeast 71st Street, Miami, Florida 33138",,https://dice.fm/event/avgexq-unkommon-art-week-3-day-pass-thurs-fri-sat-4th-dec-little-river-studios-miami-tickets
86,LIV,Party,12/3/2025,12/7/2025,11:30PM,Miami Beach,"Fontainebleau Miami Beach - 4441 Collins Avenue, Miami Beach, FL 33140",,https://www.livnightclub.com/miami/special-events/liv-miami-basel-edition-2025/
87,"Long Feng Art Car: Blond:ish, Desiree, Apache, Kimonos, Luch",Party,12/4/2025,12/4/2025,8PM - 4AM,Wynwood,"150 NW 21st Miami,FL 33127",,https://posh.vip/e/tehmplo
88,"Long Feng Art Car: Gordo x Mahmut Orhan, Joezi",Party,12/3/2025,12/3/2025,8PM - 4AM,Wynwood,"150 NW 21st Miami,FL 33127",,https://posh.vip/e/long-feng-gordo-x-mahmut
89,Marshmello,Party,12/6/2025,12/6/2025,,Downtown,"29 NE 11th St, Miami, 33132",,https://speakeasygo.com/E11EVEN/E11EVEN-MIAMI-ART-WEEK-FT-MARSHMELLO?eid=EVE-1BH8WS
90,Maxim Party,Party,,,8PM,,,,
91,Medium Cool,Party,,,,Miami Beach,,,
92,Miami Art Week ,Art Show,12/2/2025,12/7/2025,12PM - 9PM,Wynwood,"Miami Art Week Wynwood Gallery - 2300 N Miami Ave, Miami, FL 33127, USA",,https://www.squadup.com/hosts/8433741/events
93,Miami Beach Bandshell,Party,12/5/2025,12/7/2025,,Miami Beach,"7275 Collins Avenue, Miami Beach FL. 33141",,https://miamibeachbandshell.com/events/
94,Miami Beach Edition Hotel,Party,,,,Miami Beach,"2901 Collins Ave, Miami Beach, FL 33140",Invite Only,https://www.instagram.com/reel/DQzal-Pkd0O/?utm_source=ig_web_copy_link&igsh=MzRlODBiNWFlZA==
95,Miami Concours: Cars & Coffee Art Week Edition ,Art Show,12/7/2025,12/7/2025,9AM - 11:30AM,Design District,"40 NE 40th St, Miami, FL 33137",,https://www.miamidesigndistrict.com/event/3261/miami-concours-cars--coffee-art-week-edition/
96,Miami Design District,Art Show,,,,,,,https://www.miamidesigndistrict.com/calendar/
97,Miami Vibes After Party by Paper Buddha & The Temple,Art Show,12/5/2025,,10PM - 1AM,Miami Beach,"Gates Hotel Rooftop, 2360 Collins Ave, Miami Beach, FL 33139",,https://x.com/paperbuddha/status/1991595063919669625?s=46
98,Mila Lounge,Party,12/2/2025,12/7/2025,11PM - 5AM,Miami Beach,"1636 Meridian Ave, Miami Beach, FL 33139",,https://www.instagram.com/p/DQZ3QXbjvrw/?utm_source=ig_web_copy_link&igsh=MzRlODBiNWFlZA==
99,MOOON.PARTY Vol*3,Party,12/4/2025,12/4/2025,6PM - 1AM,Miami Beach,Sagamore Hotel South Beach,,https://luma.com/mooon.party
100,NADA Miami Art Fair,Art Show,12/2/2025,12/6/2025,11AM - 7PM,Downtown ,"NADA Miami - 1400 N Miami Ave, Miami, FL 33136",,https://www.newartdealers.org/fairs/nada-miami-2025/introduction
101,NADA Miami Art Fair,Conference,12/2/2025,12/2/2025,4PM - 7PM,Wynwood,"Ice Palace Studios, 1400 North Miami Avenue, Miami, FL 33136",,https://www.newartdealers.org/fairs/nada-miami-2025/introduction
102,NADA Miami Art Fair,Conference,12/3/2025,12/5/2025,11AM - 7PM,Wynwood,"Ice Palace Studios, 1400 North Miami Avenue, Miami, FL 33136",,https://www.newartdealers.org/fairs/nada-miami-2025/introduction
103,NADA Miami Art Fair,Conference,12/6/2025,12/6/2025,11AM - 6PM,Wynwood,"Ice Palace Studios, 1400 North Miami Avenue, Miami, FL 33136",,https://www.newartdealers.org/fairs/nada-miami-2025/introduction
104,NFT.MIAMI with Superchief,Party,12/5/2025,12/5/2025,12PM - 12AM,Miami Beach,Sagamore Hotel South Beach,,https://luma.com/vwk1t0lt
105,No Vacancy Miami Beach,Art Show,11/13/2025,12/20/2025,10AM - 7PM,Miami Beach,,,https://www.miamiandbeaches.com/event/no-vacancy-miami-beach/21757
106,Nylon Party,Party,,,,,,Invite Only,
107,One Love Miami Art Week,Art Show,12/4/2025,12/4/2025,3PM - 9PM,Miami Beach,"The Gates Hotel South Beach 2360 Collins Ave, Miami Beach, FL 33139, USA",,https://luma.com/miamiartweek
108,Opening Reception Night at Cadillac Hotel & Beach Club,Party,12/4/2025,12/4/2025,6PM - 9PM,Miami Beach,"Cadillac Hotel & Beach Club, 3925 Collins Ave, Miami Beach, FL, 33140. Cadillac Hotel Website",,https://posh.vip/e/artist-hira-majeed-opening-reception-night
109,Palm Tree Club,Party,12/3/2025,12/7/2025,3PM - 10PM,Miami Beach,"1819 79th Street Causeway North Bay Village, FL 33141",,https://www.palmtreeclubmiami.com/live-events
110,photoMIAMI,Art Show,12/2/2025,12/7/2025,5PM - 9PM,Wynwood,"The Miami Art Week Gallery, 2300 N. Miami Avenue, Miami FL 33127",,https://www.miamiartweek.org
111,Pinta Miami,Art Show,12/4/2025,12/7/2025,12PM - 8PM,Coconut Grove,"The Hangar - 3385 Pan American Drive, Coconut Grove, Fl",,https://www.pinta.art/Miami/Inicio
112,Private Meet & Greet with Faena Artist: Es Devlin,Art Show,,,,Miami Beach,"3201 Collins Ave, Miami Beach, FL 33140",,https://account.chase.com/sapphire/reserve/reservedbysapphire
113,Prizm,Art Show,12/3/2025,12/5/2025,12PM - 5PM,Miami Beach,Dec 3-4 TBA / Dec 5 Soho Pool House,,https://www.prizm.art/
114,Pucci Coffee Lab Pop-Up ,Art Show,12/3/2025,12/4/2025,11AM - 8PM,Design District,"Pucci - 140 NE 39th St Suite 102, Miami FL, 33137",,https://www.miamidesigndistrict.com/event/3264/pucci-coffee-lab/
115,Rampa,Party,12/6/2025,12/6/2025,8PM - 3AM,Little River,"300 Northeast 71st Street, Miami, Florida 33138",,https://dice.fm/event/bbygwg-rampa-unkommon-art-week-6th-dec-little-river-studios-miami-tickets
116,Rampa,Party,12/7/2025,12/7/2025,3PM,Miami Beach,"1819 79th Street Causeway North Bay Village, FL 33141",,https://posh.vip/e/basel-edition-rampa-presented-by-palm-tree-club-miami
117,Red Dot,Art Show,12/3/2025,12/7/2025,12PM - 8PM,Wynwood,"Mana Wynwood - 2217 NW 5th Avenue, Miami, FL 33127 ",,https://redwoodartgroup.com/red-dot-miami/
118,Red Dot Miami,Conference,12/4/2025,12/7/2025,12PM - 8PM,Wynwood,"Mana Wynwood, 2217 NW 5th Avenue, NW 22nd St, Miami, FL 33127",,https://redwoodartgroup.com/red-dot-miami/
119,Red Dot Miami: Opening Night Preview,Conference,12/3/2025,12/3/2025,6PM - 9PM,Wynwood,"Mana Wynwood, 2217 NW 5th Avenue, NW 22nd St, Miami, FL 33127",,https://redwoodartgroup.com/red-dot-miami/
120,Red Dot Miami: VIP & Press Preview,Conference,12/3/2025,12/3/2025,5PM - 6PM,Wynwood,"Mana Wynwood, 2217 NW 5th Avenue, NW 22nd St, Miami, FL 33127",,https://redwoodartgroup.com/red-dot-miami/
121,Robot Fight Club: Yacht Edition,Party,12/4/2025,12/4/2025,6PM - 10PM,Downtown,"Seafair Mega Yacht, South Dock, Chopin Plaza, Miami, FL 33131, United States",,https://luma.com/7pk5812d
122,SAKAZUKI Experience: Miami,Party,12/5/2025,12/5/2025,3PM - 5PM,Wynwood,"Hiyakawa Miami, 2700 N Miami Ave #5, Miami, FL 33127",,https://luma.com/12yxypd4
123,Satellite Art Fair,Art Show,12/4/2025,12/4/2025,4PM - 10PM,Miami Beach,Collins Avenue (Satellite Hotel),,https://www.satellite-show.com
124,Satellite Art Fair,Art Show,12/5/2025,12/6/2025,12PM - 10PM,Miami Beach,Collins Avenue (Satellite Hotel),,https://www.satellite-show.com
125,Satellite Art Fair,Art Show,12/7/2025,12/7/2025,12PM - 6PM,Miami Beach,Collins Avenue (Satellite Hotel),,https://www.satellite-show.com
126,Scope Miami Beach: Concert,Party,12/4/2025,12/4/2025,10AM - 2PM,Miami Beach,"SCOPE Art Show - 801 Ocean Dr, Miami Beach, FL 33139",,https://scope-art.com/program
127,Scope Miami Beach,Art Show,12/3/2025,12/7/2025,11AM - 8PM,Miami Beach,"801 Ocean Drive, Miami Beach, FL 33139 (between 8th & 10th Street)",,https://scope-art.com/program
128,Scope Miami Beach: Opening Night,Art Show,12/2/2025,12/2/2025,12PM - 4PM,Miami Beach,"801 Ocean Drive, Miami Beach, FL 33139 (between 8th & 10th Street)",Invite Only,https://scope-art.com/program
129,Scope Miami Beach: VIP & Press Preview,Art Show,12/2/2025,12/2/2025,4PM - 8PM,Miami Beach,"801 Ocean Drive, Miami Beach, FL 33139 (between 8th & 10th Street)",,https://scope-art.com/program
130,Scope Party,Party,12/3/2025,12/3/2025,8PM,Miami Beach,"SCOPE Art Show - 801 Ocean Dr, Miami Beach, FL 33139",,https://scope-art.com/program
131,Sea & Space Summit,Art Show,12/4/2025,12/4/2025,12PM - 5PM,Miami Beach,Sagamore Hotel South Beach,,https://luma.com/zmofrsw3
132,Senza Fine Concert,Party,,,,,,Invite Only,
133,Slawn X Andrew Miami ,Art Show,12/5/2025,12/5/2025,12PM - 7PM,Design District,"Andrew - 54 NE 40th St, Miami, Fl 33137",,https://www.miamidesigndistrict.com/event/3249/slawn-x--andrew-miami/
134,Soho House,Party,,,,Miami Beach,"4385 Collins Ave, Miami Beach, FL 33140",Members & Member Guests Only,
135,Solomun,Party,12/6/2025,12/6/2025,11PM - 11AM,Downtown,"34 NE 11th St, Miami, FL 33132",,https://dice.fm/event/q2a5la-solomun-space-basel-2025-6th-dec-club-space-miami-miami-tickets?pid=99db2a70&_branch_match_id=1263983458127435889&utm_medium=partners_api&_branch_referrer=H4sIAAAAAAAAA8soKSkottLXz8nMy9ZLyUxO1UvL1U8ySzZMTktNMbZISrUvyEyxtbRMSTJKNDdQqytKTUstKsrMS49PKsovL04tsnXOKMrPTQUAO1GqNkgAAAA%3D
136,Solomun,Party,12/5/2025,12/5/2025,9PM - 7AM,Hialeah,"4800 NW 37th Ave, Miami, FL 33142",,https://dice.fm/event/mx523l-factory-basel-2025-friday-pass-5th-dec-factory-town-miami-tickets
137,Spectrum Miami,Art Show,12/4/2025,12/6/2025,12PM - 8PM,Wynwood,"Mana Wynwood, 2217 NW 5th Avenue, NW 22nd St, Miami, FL 33127",,https://redwoodartgroup.com/spectrum-miami
138,Spectrum Miami,Art Show,12/7/2025,12/7/2025,12PM - 6PM,Wynwood,"Mana Wynwood, 2217 NW 5th Avenue, NW 22nd St, Miami, FL 33127",,https://redwoodartgroup.com/spectrum-miami
139,Spectrum Miami: Opening Night,Art Show,12/3/2025,12/3/2025,6PM - 9PM,Wynwood,"Mana Wynwood, 2217 NW 5th Avenue, NW 22nd St, Miami, FL 33127",,https://redwoodartgroup.com/spectrum-miami
140,Spectrum Miami: VIP & Press Preview,Art Show,12/3/2025,12/3/2025,5PM - 6PM,Wynwood,"Mana Wynwood, 2217 NW 5th Avenue, NW 22nd St, Miami, FL 33127",,https://redwoodartgroup.com/spectrum-miami
141,Stellar House Miami,Party,12/4/2025,12/4/2025,10:30AM - 10:30PM,Wynwood,"The M Building 194 NW 30th St, Miami, FL 33127, USA",,https://lu.ma/stellarhousemiami
142,Strawberry Moon,Party,12/5/2025,12/6/2025,12PM - 6PM,Miami Beach,"601 Washington Avenue, Miami Beach, FL 33139",,https://www.thegoodtimehotel.com/eventcalendar/
143,Tala Beach,Party,,,,Miami Beach,"2341 Collins Avenue, Miami Beach, FL 33139",,https://www.1hotels.com/south-beach/taste/tala-beach
144,"Tehmplo: WhoMadeWho, Maxi Meraki, Deer Jade",Party,12/4/2025,12/4/2025,8PM - 4AM,Wynwood,"150 NW 21st Miami,FL 33127",,https://posh.vip/e/tehmplo
145,Tehmplo Tulum,Party,12/4/2025,12/4/2025,8PM - 4AM,Wynwood,"150 NW 21st St, Miami, FL 33127",,https://linktr.ee/phase3?fbclid=PAZXh0bgNhZW0CMTEAc3J0YwZhcHBfaWQMMjU2MjgxMDQwNTU4CGNhbGxzaXRlAjE1AAGnR7Ewc1RzLlQSdVxJIo01wbcHtzMrAyPFLJB3SwWTKHFdUm0KkCZjcwN1WBk_aem_GpFTGN3B-RMYGmBPaSxJrw
146,The $25 Art Show: Closing Day Show,Art Show ,12/7/2025,12/7/2025,12PM - 6PM,Wynwood,"Toe Jam Backlot (Wynwood) 150 NW 21st Street, Miami, Fl, 33127",,https://toejambacklot.com/events/25-dollar-art-show/
147,The $25 Art Show: Day Show ,Art Show ,12/5/2025,12/5/2025,2PM - 6PM,Wynwood,"Toe Jam Backlot (Wynwood) 150 NW 21st Street, Miami, Fl, 33127",,https://toejambacklot.com/events/25-dollar-art-show/
148,The Brave New Earth @ Ritz-Carlton,Art Show,12/3/2025,12/7/2025,12PM - 7PM,Miami Beach,"The Ritz Carlton South Beach - 1 Lincoln Rd, Miami Beach, FL 33139",,https://posh.vip/e/the-brave-new-earth-ritzcarlton-south-beachofficial-art-basel-2025
149,The Coffee Party,Party,12/6/2025,12/6/2025,10AM - 3PM,Miami Beach,"2341 Collins Avenue, Miami Beach, FL 33139",,https://admitone.com/events/miami%20beach/community/party/miami-art-week-the-coffee-party/170BUC
150,The Ethereal Runway Show + Live Art + Live Music,Art Show,12/5/2025,12/5/2025,6PM - 9PM,Brickell,"Flow Brickell - 275 SW 6th St, 9 Floor, Miami, FL 33130",,https://luma.com/21ivstt6
151,The King*s Exhibition,Art Show,12/7/2025,12/7/2025,12PM - 12AM,Miami Beach,"Sagamore Hotel South Beach - An All Suite Hotel, The Sagamore, 1671 Collins Ave, Miami Beach, FL 33139, USA",,https://luma.com/ha35a84h
152,The Official Miami Art Week Kickoff Party,Party,12/1/2025,12/1/2025,6:30PM - 10PM,Coral Gables,"The Biltmore Hotel, Coral Gables",Invite Only,
153,The Queens* Gathering,Party,12/7/2025,12/7/2025,12PM - 5PM,Miami Beach,Sagamore Hotel South Beach,,https://luma.com/f5kagz2a
154,The Wellness Oasis by Chase Bank,Wellness,12/2/2025,12/3/2025,8AM - 7PM,Downtown,"Reserve Miami Seaplane - 1000 MacArthur Cswy, Miami, FL 33132",,https://thewellnessoasis.splashthat.com/?fbclid=PARlRTSAOQMxlleHRuA2FlbQIxMABzcnRjBmFwcF9pZA8xMjQwMjQ1NzQyODc0MTQAAaenMtkr0modBNpyiof5XSikMRQJlMUgjcoFr2uZn5HX-2lLLx2ooZoMpB8Fow_aem_0HiOAENy7p8sh30Dxbyz0A
155,Tiesto,Party,12/3/2025,12/3/2025,9PM - 7AM,Hialeah,"4800 NW 37th Ave, Miami, FL 33142",,https://dice.fm/event/oenkgm-factory-basel-2025-wednesday-pass-3rd-dec-factory-town-miami-tickets
156,Tiesto,Party,12/5/2025,12/5/2025,8PM - 3AM,Little River,"300 Northeast 71st Street, Miami, Florida 33138",,https://dice.fm/event/6db677-tisto-unkommon-art-week-5th-dec-little-river-studios-miami-tickets
157,Toe Jam Backlot Parties,Party,12/3/2025,12/6/2025,,Wynwood,"150 NW 21st St, Miami, FL 33127",,https://toejambacklot.com/
158,Untitled Art Miami Beach,Art Show,12/3/2025,12/7/2025,11AM - 7PM,Miami Beach,"Untitled Art Fair (tent) - Ocean Drive and 12th Street, Miami Beach, FL",,https://untitledartfairs.com/
159,Untitled Art Miami Beach: VIP & Press Preview,Art Show,12/2/2025,12/2/2025,10AM - 7PM,Miami Beach,"Ocean Drive & 12th Street, Miami Beach",,https://untitledartfairs.com
160,Victim 15 After Party,Party,12/4/2025,12/4/2025,10PM,,,Location Revealed to Ticket Holders,https://checkout.square.site/merchant/MLZ059NFEQHSF/checkout/VIWYIEL75W2FGVMFBTX3QVP5
161,Victim 15 Fashion Show,Art Show,12/4/2025,12/4/2025,,,,Location Revealed to Ticket Holders,https://victim15.com/pages/contact
162,Wellness Retreat with The Ethereal,Wellness,12/6/2025,12/6/2025,11AM - 1PM,Brickell,"Flow Brickell - 275 SW 6th St, Miami, FL 33130",,https://luma.com/yq6qg1om
163,Wellness Wonderland at Faena ,Wellness,11/30/2025,11/30/2025,9AM - 1PM,Miami Beach,"3201 Collins Ave, Miami Beach, FL 33140",,https://www.faena.com/miami-beach/things-to-do/event-calendar/wellness-wonderland-0
164,Wondering How is 2025,Art Show,12/5/2025,12/5/2025,10AM - 8PM,Miami Beach,"Miami Beach FL, USA",,https://luma.com/yq46jhb0
165,Yatch Party: 10 Years of Miki Beach & Burningman Camp,Party ,12/5/2025,12/5/2025,5PM - 11PM,Coconut Grove,3400 PAN AMERICAN DR.  MIAMI FL 33133,,https://ra.co/events/2305646
166,YogArt X Ahana Sunday Service ,Wellness,12/7/2025,12/7/2025,10:15AM - 11:15AM,Design District,"Palm Court - 140 NE 39th St, Miami FL, 33137",,https://www.miamidesigndistrict.com/event/3260/yogart-x-ahana-sunday-service/
167,ZeyZey,Party,12/2/2025,12/7/2025,7PM - 3AM,Little River,"353 NE 61st St, Miami, FL 33137",,https://zeyzeymiami.com/tickets/